Country,Region_Code,Region_Name,SubRegion_Code,SubRegion_Name,M49_Code,ISO_2_Code,ISO_3_Code,IncomeGroup_Code,IncomeGroup_Name,Total_measures,ALM_ASFR_Subtotal,ALM_ASFR_Health,ALM_ASFR_NonHealth,ALM_ASFR_Accelerated,Liquidity_Subtotal,Liquidity_BLM,Liquidity_Guarantees,Liquidity_Quasifiscal,PGDP_ALM_ASFR_Subtotal,PGDP_ALM_ASFR_Health,PGDP_ALM_ASFR_NonHealth,PGDP_ALM_ASFR_Accelerated,PGDP_Liquidity_Subtotal,PGDP_Liquidity_BLM,PGDP_Liquidity_Guarantees,PGDP_Liquidity_Quasifiscal,GDP_Value,GDP_Year,GINI_Value,GINI_Year,Poverty_190_Value,Poverty_190_Year,Poverty_320_Value,Poverty_320_Year,Poverty_550_Value,Poverty_550_Year,Poverty_MDIM_Value,Poverty_MDIM_Year
Australia,009,Oceania,053,Australia and New Zealand,036,AU,AUS,HIC,High income,243442952871.38525,219278167419.0356,11461012528.828688,207817154890.20694,NA,24164785452.34964,10356336622.435562,13808448829.91408,NA,0.16475919678968412,0.008611469353616992,0.15614772743606714,NA,0.018156712492565945,0.007781448211099692,0.010375264281466253,NA,1330900925056.98,2020,34.4,2014,0.5,2014,0.7,2014,0.7,2014,NA,NA
Canada,019,Americas,021,Northern America,124,CA,CAN,HIC,High income,306676494420.27686,240613918671.0998,39294556907.24189,201319361763.85788,63378317592.32563,66062575749.17708,3877261782.1187444,62185313967.05833,NA,0.14641155576002637,0.02391040901318063,0.12250114674684574,0.0385651758277107,0.04019852445100198,0.002359281344754066,0.03783924310624791,NA,1643407977068.93,2020,33.3,2017,0.2,2017,0.5,2017,0.7,2017,NA,NA
France,150,Europe,155,Western Europe,250,FR,FRA,HIC,High income,604308744528.1615,198583043527.66776,21456098955.862957,177126944571.8048,79319089225.13168,405725701000.4937,23966919046.44266,381758781954.051,NA,0.07628993782734586,0.008242820868701739,0.06804711695864413,0.030472130339083556,0.1558682350438015,0.00920740628950726,0.14666082875429423,NA,2603004395901.95,2020,32.4,2018,0,2018,0.1,2018,0.1,2018,17.4,2018
Germany,150,Europe,155,Western Europe,276,DE,DEU,HIC,High income,1476019828703.0615,418850442383.0694,45651274374.1765,373199168008.8929,NA,1057169386319.9922,114128185935.44125,943041200384.5509,NA,0.11004829849308849,0.011994364958374767,0.09805393353471373,NA,0.2777595065235636,0.02998591239593692,0.24777359412762673,NA,3806060140124.52,2020,31.9,2016,0,2016,0.2,2016,0.5,2016,18.7,2018
Italy,150,Europe,039,Southern Europe,380,IT,ITA,HIC,High income,824290822918.7244,159779460309.61774,11412818593.544125,148366641716.0736,7988973015.480887,664511362609.1067,3709166042.9018407,660802196566.2048,NA,0.08469869918365426,0.0060499070845467335,0.07864879209910752,0.004234934959182713,0.3522558399977336,0.0019662198024776884,0.3502896201952559,NA,1886445268340.71,2020,35.9,2017,1.4,2017,1.8,2017,3.1,2017,27.3,2018
Japan,142,Asia,030,Eastern Asia,392,JP,JPN,HIC,High income,2229931458919.5347,800752371850.5679,89909038242.87079,710843333607.6971,243503645241.10834,1429179087068.9668,NA,147038739626.3616,1282140347442.605,0.15809920436650302,0.017751489613081043,0.14034771475342198,0.04807695103542781,0.28217472030793406,NA,0.029031081971392956,0.2531436383365411,5064872875604.59,2019,32.9,2013,0.7,2013,0.9,2013,1.2,2013,NA,NA
Republic of Korea,142,Asia,030,Eastern Asia,410,KR,KOR,HIC,High income,239488393048.9245,73473615277.21782,8474465429.89825,64999149847.31956,39575753557.62482,166014777771.7067,NA,60083959897.978584,105930817873.7281,0.0450613238256221,0.005197384524293207,0.039863939301328886,0.02427178572844927,0.10181676283090392,NA,0.03684945627723883,0.06496730655366507,1630525005469.11,2020,31.4,2016,0.2,2016,0.2,2016,0.7,2016,NA,NA
Spain,150,Europe,039,Southern Europe,724,ES,ESP,HIC,High income,281028103765.57117,97008958045.12506,16092074216.897217,80916883828.22786,51357683.67094856,184019145720.44614,729279108.1274697,171877048018.77454,11412818593.544125,0.0757173172579835,0.012560166745147852,0.06315715051283566,4.0085638548344205e-5,0.14363040608658828,5.692160673864878e-4,0.13415327034179195,0.008907919677409823,1281199091016.35,2020,34.7,2018,0.9,2018,1.3,2018,2.4,2018,25.3,2019
United Kingdom of Great Britain and Northern Ireland,150,Europe,154,Northern Europe,826,GB,GBR,HIC,High income,877550099971.3517,440058017968.0901,203991909203.86685,236066108764.22327,14112647806.556826,437492082003.2616,1282967982.4142568,436209114020.8473,NA,0.1625183378419141,0.07533648897044998,0.08718184887146413,0.005211958356446225,0.16157070904983298,4.738143960405659e-4,0.1610968946537924,NA,2707743777173.91,2020,35.1,2017,0.3,2017,0.5,2017,0.9,2017,NA,NA
United States of America,019,Americas,021,Northern America,840,US,USA,HIC,High income,5838027999999.999,5328027999999.999,690400000000,4637628000000,17980000000,510000000000,56000000000,454000000000,NA,0.25448391811468907,0.03297574582310404,0.22150817229158506,8.587831835159481e-4,0.0243592560396626,0.002674741839649227,0.021684514200013372,NA,20936600000000,2020,41.4,2018,1,2018,1.2,2018,1.7,2018,NA,NA
Argentina,019,Americas,419,Latin America and the Caribbean,032,AR,ARG,UMC,Upper middle income,22851351948.84879,15206391876.747713,1480857080.6329122,13725534796.1148,141573334.66853845,7644960072.101076,NA,7644960072.101076,NA,0.03969643107817073,0.0038657915378239077,0.03583063954034682,3.695785409009472e-4,0.01995724120865115,NA,0.01995724120865115,NA,383066977653.56,2020,42.9,2019,1.5,2019,4.9,2019,14.4,2019,NA,NA
Brazil,019,Americas,419,Latin America and the Caribbean,076,BR,BRA,UMC,Upper middle income,214616143706.42566,126409024173.03825,17079178132.747137,109329846040.29112,38856574376.419075,88207119533.38742,15384738814.052944,NA,72822380719.33446,0.08749644502751687,0.011821682671653842,0.07567476235586303,0.02689532765659239,0.06105425966048056,0.010648843804567553,NA,0.050405415855912995,1444733258971.65,2020,53.4,2019,4.6,2019,9.1,2019,19.6,2019,NA,NA
China,142,Asia,030,Eastern Asia,156,CN,CHN,UMC,Upper middle income,903380067383.98,710647393399.2682,21302032387.783936,689345361011.4841,231858855921.45782,192732673984.7118,NA,57964713980.364456,134767960004.34735,0.04826872188194751,0.0014468805294955717,0.04682184135245193,0.01574835950471371,0.013090823838293268,NA,0.003937089876178427,0.009153733962114842,14722730697890.1,2020,38.5,2016,0.5,2016,5.4,2016,24,2016,NA,NA
India,142,Asia,034,Southern Asia,356,IN,IND,LMC,Lower middle income,228302980395.29248,90127218595.1372,9819316472.636398,80307902122.50081,18532231089.201088,138175761800.15527,8865044871.774551,116863696047.57402,12447020880.8067,0.03436057093888052,0.003743567431554414,0.03061700350732611,0.007065324448285795,0.05267884818121148,0.0033797559487695485,0.04455372506568281,0.0047453671667591155,2622983732006.45,2020,35.7,2011,22.5,2011,61.7,2011,87.4,2011,NA,NA
Indonesia,142,Asia,035,South-eastern Asia,360,ID,IDN,UMC,Upper middle income,57303216504.75439,48024441316.81027,18948886066.38976,29075555250.420517,NA,9278775187.944115,2413236758.0927534,6865538429.851362,NA,0.04537354467743011,0.017902928278728678,0.027470616398701433,NA,0.008766596945181815,0.002280028728251134,0.006486568216930681,NA,1058423838345.14,2020,38.2,2019,2.7,2019,19.9,2019,52.2,2019,NA,NA
Mexico,019,Americas,419,Latin America and the Caribbean,484,MX,MEX,UMC,Upper middle income,19887731050.97873,7027960188.855109,4803215175.429452,2224745013.425657,4281936009.103774,12859770862.12362,893621427.9868747,176862574.28906897,11789286859.847675,0.006530570298414308,0.004463277184081832,0.002067293114332476,0.003978890512941167,0.011949646181800486,8.303771505268524e-4,1.6434547770843955e-4,0.010954923553565194,1076163316174.94,2020,45.4,2018,1.7,2018,6.5,2018,22.7,2018,41.9,2018
Russian Federation,150,Europe,151,Eastern Europe,643,RU,RUS,UMC,Upper middle income,85022950651.76501,63362901282.34284,10712532393.938852,52650368888.403984,6358406324.144352,21660049369.422173,7837426925.630103,6911311221.896034,6911311221.896034,0.042711827364135826,0.007221131371554376,0.03549069599258144,0.004286090878600018,0.014600661753839625,0.0052830728873178474,0.004658794433260888,0.004658794433260888,1483497784867.6,2020,37.5,2018,0,2018,0.4,2018,3.7,2018,NA,NA
Saudi Arabia,142,Asia,145,Western Asia,682,SA,SAU,HIC,High income,21226666666.666668,15360000000.000002,12533333333.333334,2826666666.6666665,14933333333.333334,5866666666.666666,5866666666.666666,NA,NA,0.021939162799420844,0.017901747423138537,0.004037415376282307,0.021329741610548042,0.008379541347001015,0.008379541347001015,NA,NA,700117873249.269,2020,NA,NA,NA,NA,NA,NA,NA,NA,NA,NA
South Africa,002,Africa,202,Sub-Saharan Africa,710,ZA,ZAF,UMC,Upper middle income,30023232624.881622,17693238243.228844,2326299432.597544,15366938810.631298,2672511097.5010953,12329994381.652779,NA,12147777715.91407,182216665.73871103,0.05860169904560748,0.007704926445062706,0.050896772600544773,0.0088516126261817,0.040838121888974656,NA,0.04023460284628046,6.035190426942067e-4,301923639269.552,2020,63,2014,18.7,2014,37.3,2014,56.9,2014,7,2016
Turkey,142,Asia,145,Western Asia,792,TR,TUR,UMC,Upper middle income,80923216297.28963,13522864278.129837,2396456960.6812367,11126407317.4486,10042295835.235662,67400352019.15979,2995571200.8515463,45932091746.39037,18472689071.91787,0.018779116109484795,0.003327944626997305,0.015451171482487489,0.013945672722655377,0.09359844263429921,0.004159930783746632,0.06378560535078168,0.025652906499770894,720101212394.114,2020,41.9,2019,0.4,2019,2.2,2019,10.2,2019,NA,NA
Austria,150,Europe,155,Western Europe,040,AT,AUT,HIC,High income,60487938545.78387,50216401811.594154,2853204648.386031,47363197163.20812,NA,10271536734.189713,NA,10271536734.189713,NA,0.1170639917589353,0.006651363168121323,0.11041262859081397,NA,0.023944907405236762,NA,0.023944907405236762,NA,428965397959.456,2020,30.8,2018,0.6,2018,0.7,2018,1,2018,17.5,2018
Belgium,150,Europe,155,Western Europe,056,BE,BEL,HIC,High income,101802341854.4136,41200275122.69429,9586767618.577065,31613507504.11723,15521433287.22001,60602066731.71931,1255410045.2898538,59346656686.42945,NA,0.07994891677207705,0.01860307204668829,0.06134584472538877,0.030119259504161996,0.11759799115227955,0.002436116577542514,0.11516187457473703,NA,515332499627.861,2020,27.2,2018,0.1,2018,0.1,2018,0.2,2018,20,2018
Cyprus,142,Asia,145,Western Asia,196,CY,CYP,HIC,High income,2739076462.45059,1677684333.2509863,114128185.93544127,1563556147.315545,342384557.80632377,1061392129.1996037,456512743.7417651,604879385.4578387,NA,0.07047808536955268,0.004794427576160047,0.06568365779339264,0.01438328272848014,0.044588176458288435,0.01917771030464019,0.025410466153648247,NA,23804340376.9275,2020,32.7,2018,0,2018,0.1,2018,0.1,2018,23.9,2018
Czechia,150,Europe,151,Eastern Europe,203,CZ,CZE,HIC,High income,50382912721.75009,13114895358.731594,2869421914.886742,10245473443.844854,1563964196.8526838,37268017363.0185,43084413.136437565,37224932949.88206,NA,0.05385322095866868,0.011782603534321073,0.04207061742434762,0.0064220496741119355,0.15303231317098692,1.7691596898379986e-4,0.15285539720200308,NA,243530379896.813,2020,25,2018,0,2018,0,2018,0.2,2018,NA,NA
Denmark,150,Europe,154,Northern Europe,208,DK,DNK,HIC,High income,65823139933.32908,17975735863.36023,122283917.43782471,17853451945.92241,48730141098.97315,47847404069.96885,33826788661.238266,14020615408.730587,NA,0.05060964065428986,3.4428326975707396e-4,0.0502653573845328,0.13719688299819396,0.13471158814463507,0.09523735949655059,0.0394742286480845,NA,355184024841.254,2020,28.2,2018,0.2,2018,0.2,2018,0.3,2018,16.5,2019
Estonia,150,Europe,154,Northern Europe,233,EE,EST,HIC,High income,2523556219.1675587,973300000.0000001,223899999.99999997,749400000.0000001,NA,1550256219.1675587,1147189602.1839933,403066616.9835652,NA,0.03136645134322119,0.007215605112244142,0.02415084623097705,NA,0.049959967397560125,0.036970375874194494,0.012989591523365632,NA,31029968591.2779,2020,30.3,2018,0.2,2018,0.5,2018,0.8,2018,24.4,2018
Finland,150,Europe,154,Northern Europe,246,FI,FIN,HIC,High income,27151095434.041473,6836278337.532931,2111371439.805663,4724906897.727268,2396691904.644266,20314817096.50854,1826050974.9670603,13923638684.12383,4565127437.41765,0.025204366990362666,0.00778432035595508,0.017420046634407587,0.008836255539192253,0.07489778504648671,0.006732385172717908,0.05133443694197403,0.016830962931794768,271233883403.892,2020,27.3,2018,0.1,2018,0.1,2018,0.2,2018,15.6,2019
Greece,150,Europe,039,Southern Europe,300,GR,GRC,HIC,High income,32583597084.568478,25336457277.667957,1061392129.1996037,24275065148.468353,844548575.9222653,7247139806.90052,3880358321.8050027,3366781485.095517,NA,0.13376507584411293,0.005603672096172299,0.12816140374794063,0.004458835861470432,0.03826163205450979,0.020486543147296577,0.01777508890721321,NA,189410106620.016,2020,32.9,2018,0.1,2018,0.3,2018,2.9,2018,31.8,2018
Iceland,150,Europe,154,Northern Europe,352,IS,ISL,HIC,High income,2330391432.7917275,2009121122.599704,104948301.3293944,1904172821.27031,0,321270310.1920236,100000000,232644017.72525847,0,0.09252367500394497,0.004833059796739605,0.08769061520720538,0,0.014795081010427358,0.0046051815374985395,0.010713679352378432,0,21714670569.6033,2020,26.1,2017,0,2017,0,2017,0,2017,12.8,2017
Ireland,150,Europe,154,Northern Europe,372,IE,IRL,HIC,High income,44376207216.073586,36545111825.00178,5932648023.539249,30612463801.462524,2373059209.4156995,7831095391.071808,5458036181.656109,2373059209.4156995,NA,0.08729863139359166,0.014171855745712931,0.07312677564787871,0.005668742298285172,0.018706849584341066,0.013038107286055894,0.005668742298285172,NA,418621818482.305,2020,31.4,2017,0.2,2017,0.3,2017,0.4,2017,21.1,2018
Israel,142,Asia,145,Western Asia,376,IL,ISR,HIC,High income,58418445891.22714,40233489586.946594,5011030291.515009,35222459295.43158,2100275304.7915084,18184956304.280552,3544033017.767136,14640923286.513416,NA,0.10009480965916803,0.012466682069463166,0.08762812758970485,0.0052251658760706495,0.045241408553530094,0.00881701572448989,0.036424392829040204,NA,401953804837.087,2020,39,2016,0.2,2016,0.7,2016,2.7,2016,NA,NA
Latvia,150,Europe,154,Northern Europe,428,LV,LVA,HIC,High income,3958164045.146964,2912617896.5863905,679112634.112142,2233505262.4742484,NA,1045546148.5605736,289624971.9004359,755921176.6601377,0,0.08693036247090814,0.02026888165149701,0.06666148081941112,NA,0.03120550271319696,0.008644183577062871,0.02256131913613409,0,33505185228.7067,2020,35.1,2018,0.3,2018,0.9,2018,2.5,2018,27.3,2019
Lithuania,150,Europe,154,Northern Europe,440,LT,LTU,HIC,High income,5170006822.875489,3606450675.5599437,730420389.986824,2876030285.573119,1495079235.7542803,1563556147.3155453,422274287.96113265,1141281859.3544126,NA,0.06453080562487334,0.013069530253138905,0.051461275371734436,0.026751694736893695,0.02797696319812547,0.0075558221775959295,0.02042114102052954,NA,55887271833.0025,2020,35.7,2018,0.9,2018,1.3,2018,2.4,2018,28.3,2018
Luxembourg,150,Europe,155,Western Europe,442,LU,LUX,HIC,High income,7406919267.210136,3081461020.2569137,342384557.80632377,2739076462.45059,5238483734.436753,4325458246.953223,456512743.7417651,2853204648.386031,1015740854.8254272,0.042059698801578435,0.004673299866842049,0.037386398934736394,0.07150148796268334,0.05903935498443788,0.006231066489122732,0.03894416555701707,0.013864122938298078,73263982103.0119,2020,35.4,2018,0.3,2018,0.4,2018,0.6,2018,21.9,2018
Malta,150,Europe,039,Southern Europe,470,MT,MLT,HIC,High income,1890223425.3388567,1000000000,124528561.45990084,875471438.5400991,228262416.75355303,890223425.3388568,NA,890223425.3388568,NA,0.06827157385359178,0.008501760880591163,0.059769812973000616,0.015583834443389542,0.060776954329219215,NA,0.060776954329219215,NA,14647384607.604,2020,28.7,2018,0.1,2018,0.2,2018,0.3,2018,19,2018
Netherlands,150,Europe,155,Western Europe,528,NL,NLD,HIC,High income,115383595980.7311,41200275122.69429,6802039881.752298,34398235240.94199,14380151427.865599,74183320858.0368,NA,74183320858.0368,NA,0.04516373943258914,0.007456395762277875,0.03770734367031127,0.015763521242399534,0.08131975244094997,NA,0.08131975244094997,NA,912242335119.069,2020,28.1,2018,0.1,2018,0.2,2018,0.3,2018,16.7,2018
New Zealand,009,Oceania,053,Australia and New Zealand,554,NZ,NZL,HIC,High income,46184025858.706505,40366333649.90392,2535083755.7910676,37831249894.11286,NA,5817692208.80258,1755057984.778432,4062634224.024148,NA,0.1899752970382483,0.011930815756025257,0.17804448128222308,NA,0.02737969256831438,0.008259795523402103,0.019119897044912276,NA,212482013605.047,2020,NA,NA,NA,NA,NA,NA,NA,NA,NA,NA
Norway,150,Europe,154,Northern Europe,578,NO,NOR,HIC,High income,27177626338.614014,13413576422.692263,1147004159.660146,12266572263.032118,NA,13764049915.921753,5480130985.04292,8283918930.878832,NA,0.037053161752453156,0.003168441385007871,0.03388472036744529,NA,0.03802129662009446,0.015138108839482052,0.0228831877806124,NA,362008956544.827,2020,27.6,2018,0.3,2018,0.3,2018,0.4,2018,NA,NA
Portugal,150,Europe,039,Southern Europe,620,PT,PRT,HIC,High income,25678841835.47428,12554100452.898539,2168435532.7733836,10385664920.125153,1255410045.2898538,13124741382.575743,NA,13124741382.575743,NA,0.05428669032707602,0.009376791965585855,0.04490989836149015,0.005428669032707601,0.05675426716012492,NA,0.05675426716012492,NA,231255587276.741,2020,33.5,2018,0.3,2018,0.7,2018,1.7,2018,NA,NA
San Marino,150,Europe,039,Southern Europe,674,SM,SMR,HIC,High income,NA,11412818.593544126,NA,NA,NA,NA,NA,NA,NA,0.007060772652971422,NA,NA,NA,NA,NA,NA,NA,1616369645.99635,2019,NA,NA,NA,NA,NA,NA,NA,NA,NA,NA
Singapore,142,Asia,035,South-eastern Asia,702,SG,SGP,HIC,High income,70446379035.58296,54501725344.401634,579805588.7702302,53921919755.63141,NA,15944653691.18133,15944653691.18133,NA,NA,0.1602999098002581,0.0017053181893644479,0.15859459161089365,NA,0.04689625020752231,0.04689625020752231,NA,NA,339998477929.985,2020,NA,NA,NA,NA,NA,NA,NA,NA,NA,NA
Slovakia,150,Europe,151,Eastern Europe,703,SK,SVK,HIC,High income,9202092889.651718,4619724873.324142,280793271.90109783,4338931601.423044,600612060.1465349,4582368016.327577,0,4582368016.327577,NA,0.044176548784364715,0.0026851117792940212,0.041491437005070686,0.005743408688415959,0.04381932036475282,0,0.04381932036475282,NA,104574146248.364,2020,25,2018,0.2,2018,1,2018,2.4,2018,16.3,2018
Slovenia,150,Europe,039,Southern Europe,705,SI,SVN,HIC,High income,7323294228.837282,3823294228.837282,456512743.7417651,3366781485.095517,100000000,3500000000,1000000000,2500000000,NA,0.07230068040872971,0.00863291706372892,0.06366776334500078,0.0018910571899855419,0.06618700164949397,0.01891057189985542,0.04727642974963855,NA,52880473699.8803,2020,24.6,2018,0,2018,0,2018,0.1,2018,14.4,2019
Sweden,150,Europe,154,Northern Europe,752,SE,SWE,HIC,High income,50888629095.25639,22474815922.16359,4125811618.561432,18349004303.602158,36372286637.317894,28413813173.092808,1270315682.5570724,27143497490.535736,NA,0.04180506600656399,0.007674359943233969,0.03413070606333002,0.06765554160482579,0.05285210518800867,0.0023628950351536164,0.050489210152855055,NA,537609865719.019,2020,30,2018,0.7,2018,0.9,2018,1.2,2018,18.8,2019
Switzerland,150,Europe,155,Western Europe,756,CH,CHE,HIC,High income,100975071866.91037,54351119849.88594,4739613625.9453745,49611506223.94057,NA,46623952017.02444,1065081713.6955898,45558870303.32885,NA,0.07266497179333821,0.006336647550075545,0.06632832424326265,NA,0.06233410033810268,0.00142396574159001,0.06091013459651268,NA,747968636174.008,2020,33.1,2018,0,2018,0,2018,0.1,2018,NA,NA
Albania,150,Europe,039,Southern Europe,008,AL,ALB,UMC,Upper middle income,547907507.9721398,308147254.7192175,130945984.46890377,149536625.6442073,NA,239760253.25292242,NA,239760253.25292242,NA,0.020821301952615147,0.008847931761046656,0.010104088833600887,NA,0.016200438435719233,NA,0.016200438435719233,NA,14799615097.1008,2020,33.2,2017,1.3,2017,8.2,2017,33.8,2017,NA,NA
Algeria,002,Africa,015,Northern Africa,012,DZ,DZA,LMC,Lower middle income,NA,552922590.8372828,230647709.32069513,322274881.5165877,NA,NA,NA,NA,NA,0.0038089537574444742,0.0015888778531054095,0.0022200759043390647,NA,NA,NA,NA,NA,145163902228.168,2020,27.6,2011,0.4,2011,3.7,2011,28.6,2011,NA,NA
Angola,002,Africa,202,Sub-Saharan Africa,024,AO,AGO,LMC,Lower middle income,NA,NA,284651577.63109565,NA,NA,NA,NA,NA,NA,NA,0.004568539218133493,NA,NA,NA,NA,NA,NA,62306913444.2917,2020,51.3,2018,49.9,2018,71.5,2018,88.5,2018,NA,NA
Antigua and Barbuda,019,Americas,419,Latin America and the Caribbean,028,AG,ATG,HIC,High income,89629629.62962963,74074074.07407407,3703703.7037037034,70370370.37037037,NA,15555555.555555556,15555555.555555556,NA,NA,0.05234697670036065,0.002617348835018032,0.049729627865342615,NA,0.010992865107075736,0.010992865107075736,NA,NA,1415059259.25926,2020,NA,NA,NA,NA,NA,NA,NA,NA,NA,NA
Armenia,142,Asia,145,Western Asia,051,AM,ARM,UMC,Upper middle income,259403372.2438392,128703980.84405869,39908211.114436805,88795769.72962187,129701686.1219196,130699391.39978053,130699391.39978053,0,0,0.010177881140640437,0.003155932136632694,0.0070219490040077425,0.010256779444056254,0.010335677747472072,0.010335677747472072,0,0,12645459213.5235,2020,29.9,2019,1.1,2019,9.8,2019,44,2019,23.6,2018
Aruba,019,Americas,419,Latin America and the Caribbean,533,AW,ABW,HIC,High income,NA,229050279.32960892,89385474.8603352,139664804.46927375,NA,NA,NA,NA,NA,0.07152929057145088,0.027913869491297906,0.043615421080152976,NA,NA,NA,NA,NA,3202188606.92893,2018,NA,NA,NA,NA,NA,NA,NA,NA,NA,NA
Azerbaijan,142,Asia,145,Western Asia,031,AZ,AZE,UMC,Upper middle income,2040378823.5294118,894117647.0588236,217647058.82352942,676470588.2352941,NA,1146261176.4705882,852143529.4117647,294117647.0588235,NA,0.02098514196724663,0.005108225347290297,0.01587691661995633,NA,0.026903007226067983,0.020000000000000014,0.006903007226067969,NA,42607176470.5882,2020,NA,NA,NA,NA,NA,NA,NA,NA,NA,NA
Bahamas,019,Americas,419,Latin America and the Caribbean,044,BS,BHS,HIC,High income,350000000,330000000,30000000,300000000.00000006,110000000,20000000,20000000,NA,NA,0.029333333333333333,0.0026666666666666666,0.026666666666666672,0.009777777777777778,0.0017777777777777779,0.0017777777777777779,NA,NA,11250000000,2020,NA,NA,NA,NA,NA,NA,NA,NA,NA,NA
Bahrain,142,Asia,145,Western Asia,048,BH,BHR,HIC,High income,2234042553.191489,1968085106.3829787,478723404.2553191,1489361702.1276598,0,265957446.8085106,0,265957446.8085106,0,0.05115294592580616,0.012442608468439337,0.03871033745736683,0,0.006912560260244075,0,0.006912560260244075,0,38474521276.5957,2019,NA,NA,NA,NA,NA,NA,NA,NA,NA,NA
Barbados,019,Americas,419,Latin America and the Caribbean,052,BB,BRB,HIC,High income,320000000,115000000,25000000,90000000,65000000,205000000.00000003,105000000,100000000,NA,0.026342916046271904,0.005726720879624327,0.020616195166647578,0.01488947428702325,0.04695911121291949,0.024052227694422175,0.022906883518497307,NA,4365500000,2020,NA,NA,NA,NA,NA,NA,NA,NA,NA,NA
Belarus,150,Europe,151,Eastern Europe,112,BY,BLR,UMC,Upper middle income,900000000,400000000,300000000,100000000.00000003,NA,500000000,NA,500000000,NA,0.006638096404228397,0.004978572303171298,0.0016595241010570996,NA,0.008297620505285496,NA,0.008297620505285496,NA,60258239055.5829,2020,25.3,2019,0,2019,0,2019,0.2,2019,NA,NA
Belize,019,Americas,419,Latin America and the Caribbean,084,BZ,BLZ,UMC,Upper middle income,65000000,10000000,NA,NA,NA,55000000,55000000,NA,NA,0.0056699109855402035,NA,NA,NA,0.031184510420471122,0.031184510420471122,NA,NA,1763696118.9519,2020,NA,NA,NA,NA,NA,NA,NA,NA,NA,NA
Bolivia (Plurinational State of),019,Americas,419,Latin America and the Caribbean,068,BO,BOL,LMC,Lower middle income,6166180758.017493,2026239067.0553937,497084548.10495627,1529154518.9504373,0,4139941690.9620996,233236151.60349855,2886297376.0932946,1020408163.2653061,0.05522763587198862,0.013548650239099366,0.04167898563288925,0,0.11283919847226452,0.0063571379420994095,0.07866958203348019,0.027812478496684914,36688861202.6049,2020,41.6,2019,3.2,2019,7.8,2019,19.9,2019,NA,NA
Bosnia and Herzegovina,150,Europe,039,Southern Europe,070,BA,BIH,UMC,Upper middle income,NA,484339407.90698814,128379120.16811737,355960287.7388708,NA,NA,NA,NA,NA,0.024475898170876968,0.006487587466979439,0.01798831070389753,NA,NA,NA,NA,NA,19788422248.1072,2020,33,2011,0.1,2011,0.7,2011,3.8,2011,NA,NA
Botswana,002,Africa,202,Sub-Saharan Africa,072,BW,BWA,UMC,Upper middle income,388451443.5695538,274715660.5424322,122484689.41382325,152230971.12860894,87489063.86701661,113735783.0271216,NA,113735783.0271216,NA,0.01740719245301763,0.007761168609625693,0.009646023843391936,0.005543691864018353,0.0072067994232238594,NA,0.0072067994232238594,NA,15781732825.8934,2020,53.3,2015,14.5,2015,36.5,2015,59.1,2015,NA,NA
Brunei Darussalam,142,Asia,035,South-eastern Asia,096,BN,BRN,HIC,High income,NA,144954671.46627656,NA,NA,NA,NA,NA,NA,NA,0.012063414438141462,NA,NA,NA,NA,NA,NA,NA,12016056665.3473,2020,NA,NA,NA,NA,NA,NA,NA,NA,NA,NA
Bulgaria,150,Europe,151,Eastern Europe,100,BG,BGR,UMC,Upper middle income,5774011032.815677,3076943928.8567014,912054496.6438506,2164889432.2128506,350116889.30666053,2697067103.9589753,946482657.4256724,NA,1750584446.5333028,0.04452556874013249,0.01319807774337703,0.031327490996755455,0.005066440592467191,0.0390284806973056,0.01369627773496964,NA,0.025332202962335956,69105101089.5531,2020,41.3,2018,0.9,2018,2.2,2018,6.9,2018,32.5,2019
Cabo Verde,002,Africa,202,Sub-Saharan Africa,132,CV,CPV,LMC,Lower middle income,80111745.26280467,49060681.207454026,19665673.901722074,29395007.30573195,NA,31051064.055350643,0,31051064.055350643,NA,0.02879657176382681,0.01154292960997277,0.01725364215385404,NA,0.018225678331535954,0,0.018225678331535954,NA,1703698676.69742,2020,42.4,2015,3.4,2015,15.4,2015,41.3,2015,NA,NA
Chile,019,Americas,419,Latin America and the Caribbean,152,CL,CHL,HIC,High income,25235877588.762493,20735557264.419624,2215445208.75785,18520112055.661774,3039767557.087694,4500320324.34287,NA,NA,4500320324.34287,0.08197815835830666,0.008758776812299295,0.07321938154600736,0.012017740492317209,0.01779204520561082,NA,NA,0.01779204520561082,252940023046.011,2020,44.4,2017,0.3,2017,0.7,2017,3.6,2017,20.7,2017
Colombia,019,Americas,419,Latin America and the Caribbean,170,CO,COL,UMC,Upper middle income,26654413166.631004,11136482043.605833,2933655781.1933465,8202826262.412487,108304935.25282782,15517931123.025171,8595350424.002548,6922580699.022622,NA,0.041041494050835584,0.010811458755072157,0.03023003529576343,3.991382860808565e-4,0.057188533629665125,0.031676612229091974,0.025511921400573144,NA,271346896626.418,2020,51.3,2019,4.9,2019,12.7,2019,29.4,2019,19.6,2018
Costa Rica,019,Americas,419,Latin America and the Caribbean,188,CR,CRI,UMC,Upper middle income,NA,854793683.0421714,200000000,654793683.0421712,0,NA,NA,NA,NA,0.013894414423070291,0.0032509398931495864,0.010643474529920703,0,NA,NA,NA,NA,61520669890.4037,2020,48.2,2019,1,2019,3.2,2019,10.6,2019,20.715601092999,2019
Croatia,150,Europe,039,Southern Europe,191,HR,HRV,HIC,High income,4656852864.416743,3009635487.58173,169340104.16060886,2840295383.4211206,538809422.3292099,1647217376.8350134,723544081.4135106,923673295.4215027,NA,0.053775581639116006,0.00302573605130576,0.05074984558781024,0.009627341981427418,0.029432159771792397,0.012928144946488248,0.016504014825304145,NA,55966581780.1688,2020,29.7,2018,0.4,2018,0.7,2018,2.4,2018,24.8,2018
Dominica,019,Americas,419,Latin America and the Caribbean,212,DM,DMA,UMC,Upper middle income,13006884.37037037,9303180.666666666,1550530.1111111108,7752650.555555554,NA,3703703.7037037034,3703703.7037037034,NA,NA,0.019799462263035524,0.003299910377172587,0.016499551885862936,NA,0.007882394671501208,0.007882394671501208,NA,NA,469870370.37037,2020,NA,NA,NA,NA,NA,NA,NA,NA,NA,NA
Dominican Republic,019,Americas,419,Latin America and the Caribbean,214,DO,DOM,UMC,Upper middle income,1597172393.8231382,1593807688.702544,743776921.3945205,850030767.3080236,NA,3364705.12059426,3364705.12059426,NA,NA,0.020214518434610616,0.00943344193615162,0.010781076498458997,NA,4.2675094473066855e-5,4.2675094473066855e-5,NA,NA,78844702329.0785,2020,41.9,2019,0.6,2019,2.7,2019,12.4,2019,23.1,2016
Ecuador,019,Americas,419,Latin America and the Caribbean,218,EC,ECU,UMC,Upper middle income,NA,688507677.4900001,281843143.9,406664533.5900001,NA,NA,NA,NA,NA,0.006968136262333389,0.002852432144924283,0.004115704117409105,NA,NA,NA,NA,NA,98808010000,2020,45.7,2019,3.6,2019,9.8,2019,25.4,2019,NA,NA
Egypt,002,Africa,015,Northern Africa,818,EG,EGY,LMC,Lower middle income,6158354489.404682,5695787783.016413,804580073.5713159,4891207709.445097,NA,462566706.3882691,462566706.3882691,NA,NA,0.015687882845662044,0.002216051302293504,0.013471831543368541,NA,0.0012740454129560059,0.0012740454129560059,NA,NA,363069245165.315,2020,31.5,2017,3.8,2017,28.9,2017,72.6,2017,NA,NA
El Salvador,019,Americas,419,Latin America and the Caribbean,222,SV,SLV,LMC,Lower middle income,1230000000,630000000,120000000,510000000,NA,600000000,600000000,NA,NA,0.02556951010442101,0.004870382877032573,0.020699127227388436,NA,0.024351914385162866,0.024351914385162866,NA,NA,24638720000,2020,38.8,2019,1.3,2019,5.7,2019,22.3,2019,38.8797391618781,2017
Equatorial Guinea,002,Africa,202,Sub-Saharan Africa,226,GQ,GNQ,UMC,Upper middle income,53849068.684409164,52109195.70591452,34797459.56989284,17311736.136021685,34797459.56989284,1739872.9784946418,NA,1739872.9784946418,NA,0.005199555030812593,0.003472156948789712,0.0017273980820228813,0.003472156948789712,1.7360784743948558e-4,NA,1.7360784743948558e-4,NA,10021856754.4944,2020,NA,NA,NA,NA,NA,NA,NA,NA,NA,NA
Eswatini,002,Africa,202,Sub-Saharan Africa,748,SZ,SWZ,LMC,Lower middle income,NA,128159054.90289341,27332499.860806655,100826555.04208677,NA,NA,NA,NA,NA,0.03234303553223057,0.0068978037864946724,0.025445231745735902,NA,NA,NA,NA,NA,3962493092.99308,2020,54.6,2016,29.2,2016,52.1,2016,72,2016,NA,NA
Fiji,009,Oceania,054,Melanesia,242,FJ,FJI,UMC,Upper middle income,382407457.6361553,239580575.86843464,18429275.066802666,221151300.80163202,NA,142826881.76772067,NA,142826881.76772067,NA,0.05474857587332135,0.004211428913332412,0.05053714695998895,NA,0.032638574078326196,NA,0.032638574078326196,NA,4376014755.57615,2020,36.7,2013,0.5,2013,7.5,2013,35.8,2013,NA,NA
Gabon,002,Africa,202,Sub-Saharan Africa,266,GA,GAB,UMC,Upper middle income,329879916.72258526,308131504.49140215,120225222.81398016,187906281.677422,NA,21748412.231183104,4349682.446236621,17398729.784946483,NA,0.01976065686263588,0.007710115128222131,0.012050541734413752,NA,0.0013947386266682585,2.789477253336517e-4,0.0011157909013346067,NA,15593181270.9135,2020,38,2017,3.4,2017,11.2,2017,32.2,2017,NA,NA
Georgia,142,Asia,145,Western Asia,268,GE,GEO,UMC,Upper middle income,967486688.3860354,967461806.4861958,279174484.05253255,688287322.4336632,NA,24881.899839689475,24881.899839689475,NA,NA,0.06087847631426641,0.017567326276856133,0.04331115003741028,NA,1.565717778096182e-6,1.565717778096182e-6,NA,NA,15891688903.1843,2020,35.9,2019,3.8,2019,14.9,2019,42,2019,NA,NA
Grenada,019,Americas,419,Latin America and the Caribbean,308,GD,GRD,UMC,Upper middle income,NA,23852270.118856598,5185276.112794912,18666994.006061684,3703703.965342762,NA,NA,NA,NA,0.021898814737546297,0.004760611899466586,0.01713820283807971,0.0034003776821073806,NA,NA,NA,NA,1089203703.7037,2020,NA,NA,NA,NA,NA,NA,NA,NA,NA,NA
Guatemala,019,Americas,419,Latin America and the Caribbean,320,GT,GTM,UMC,Upper middle income,NA,2565470378.864462,159289680.2626597,2406180698.6018023,NA,NA,NA,NA,NA,0.033058211953446506,0.002052579540774316,0.03100563241267219,NA,NA,NA,NA,NA,77604632170.5853,2020,48.3,2014,8.8,2014,24.4,2014,49.1,2014,61.62,2014
Hungary,150,Europe,151,Eastern Europe,348,HU,HUN,HIC,High income,20200000000,13700000000,4200000000,9500000000,2900000000,6500000000,NA,6500000000,NA,0.08837972554638274,0.027094514401080842,0.0612852111453019,0.01870811708646058,0.0419319865731013,NA,0.0419319865731013,NA,155012927629.087,2020,29.6,2018,0.2,2018,0.5,2018,2,2018,18.9,2019
Iran (Islamic Republic of),142,Asia,034,Southern Asia,364,IR,IRN,UMC,Upper middle income,NA,30633588317.107426,11464847904.818422,19168740412.289,34394543714.45527,NA,NA,NA,NA,0.15978439655243024,0.0598004969275432,0.09998389962488703,0.1794014907826296,NA,NA,NA,NA,191718271483.759,2020,42,2018,0.5,2018,3.1,2018,14,2018,NA,NA
Iraq,142,Asia,145,Western Asia,368,IQ,IRQ,UMC,Upper middle income,NA,288878765.7081854,36949609.56732604,251929156.14085937,0,NA,0,0,0,0.0017274913796103619,2.2095819971760443e-4,0.0015065331798927576,0,NA,0,0,0,167224432560.319,2020,29.5,2012,1.7,2012,14.8,2012,52.4,2012,NA,NA
Jamaica,019,Americas,419,Latin America and the Caribbean,388,JM,JAM,UMC,Upper middle income,NA,181321441.63332796,83686819.21538213,97634622.41794585,NA,NA,NA,NA,NA,0.013127418508793618,0.006058808542520131,0.007068609966273488,NA,NA,NA,NA,NA,13812421803.4084,2020,NA,NA,NA,NA,NA,NA,NA,NA,NA,NA
Jordan,142,Asia,145,Western Asia,400,JO,JOR,UMC,Upper middle income,1170665199.9999995,394923199.9999998,84626399.99999994,310296799.9999998,NA,775741999.9999996,70521999.99999997,NA,705219999.9999995,0.009037628251706046,0.0019366346253655807,0.007100993626340464,NA,0.01775248406585116,0.0016138621878046511,NA,0.016138621878046506,43697659275.3137,2020,NA,NA,NA,NA,NA,NA,NA,NA,NA,NA
Kazakhstan,142,Asia,143,Central Asia,398,KZ,KAZ,UMC,Upper middle income,9051870267.82688,3966549892.6432395,NA,NA,NA,5085320375.1836405,3148055470.3517776,NA,1937264904.8318634,0.023355256179985507,NA,NA,NA,0.02994263612818655,0.018535917603163102,NA,0.01140671852502345,169835426427.153,2020,27.8,2018,0,2018,0.2,2018,4.6,2018,NA,NA
Kuwait,142,Asia,145,Western Asia,414,KW,KWT,HIC,High income,NA,1632743045.9897208,NA,NA,NA,NA,NA,NA,NA,0.011988119569218525,NA,NA,NA,NA,NA,NA,NA,136196760180.976,2019,NA,NA,NA,NA,NA,NA,NA,NA,NA,NA
Libya,002,Africa,015,Northern Africa,434,LY,LBY,UMC,Upper middle income,NA,922500000,NA,NA,NA,NA,NA,NA,NA,0.03629251907442753,NA,NA,NA,NA,NA,NA,NA,25418461532.2008,2020,NA,NA,NA,NA,NA,NA,NA,NA,NA,NA
Malaysia,142,Asia,035,South-eastern Asia,458,MY,MYS,UMC,Upper middle income,27035087682.829422,15083236364.160358,382459242.19741005,14700777121.962948,0,11951851318.669064,0,11951851318.669064,NA,0.044801987919735255,0.0011360250502627006,0.04366596286947255,0,0.03550078282070939,0,0.03550078282070939,NA,336664444247.042,2020,41.1,2015,0,2015,0.3,2015,2.9,2015,0.86,2016
Maldives,142,Asia,034,Southern Asia,462,MV,MDV,UMC,Upper middle income,NA,259000000,97000000,162000000,NA,NA,NA,NA,NA,0.06426475025755721,0.024068265540475094,0.04019648471708212,NA,NA,NA,NA,NA,4030203166.77482,2020,31.3,2016,0,2016,0.2,2016,3.6,2016,NA,NA
Mauritius,002,Africa,202,Sub-Saharan Africa,480,MU,MUS,HIC,High income,5323188210.523928,1158807064.9936607,34005624.93209389,1124801440.061567,NA,4164381145.530267,371446056.95056397,NA,3792935088.5797024,0.10617556634289892,0.0031157615405365377,0.1030598048023624,NA,0.38156095173339755,0.03403370298124526,NA,0.34752724875215224,10914065306.2423,2020,36.8,2017,0.2,2017,2.2,2017,12.7,2017,NA,NA
Micronesia (Federated States of),009,Oceania,057,Micronesia,583,FM,FSM,LMC,Lower middle income,NA,70000000,20000000,50000000,NA,NA,NA,NA,NA,0.17154314824807884,0.04901232807087967,0.12253082017719917,NA,NA,NA,NA,NA,408060600,2019,40.1,2013,15.4,2013,38.7,2013,69.1,2013,NA,NA
Mongolia,142,Asia,030,Eastern Asia,496,MN,MNG,LMC,Lower middle income,1355494812.1238832,1034518304.191889,156471604.42044723,878046699.7714418,NA,320976507.9319942,36611938.33554308,0,284364569.5964511,0.07874767241816116,0.011910639567920062,0.0668370328502411,NA,0.024432774942825572,0.002786905669004467,0,0.021645869273821103,13137128659.479,2020,32.7,2018,0.5,2018,5,2018,27.1,2018,NA,NA
Montenegro,150,Europe,039,Southern Europe,499,ME,MNE,UMC,Upper middle income,NA,118350928.8150523,28874431.041666567,89476497.77338572,251082009.05797017,NA,NA,0,NA,0.024766953981084715,0.006042468039743908,0.018724485941340806,0.05254320034559921,NA,NA,0,NA,4778582336.18234,2020,38.5,2016,2.5,2016,6,2016,15.6,2016,NA,NA
Morocco,002,Africa,015,Northern Africa,504,MA,MAR,LMC,Lower middle income,7600000000,2900000000,330000000,2570000000,NA,4700000000,NA,4700000000,NA,0.02569314075947232,0.0029237022243537468,0.022769438535118574,NA,0.04164060743776549,NA,0.04164060743776549,NA,112870591694.044,2020,39.5,2013,0.9,2013,7.3,2013,30.2,2013,8.2,2014
Namibia,002,Africa,202,Sub-Saharan Africa,516,NA,NAM,UMC,Upper middle income,289696969.69696975,156363636.36363637,44242424.24242424,112121212.12121212,230303030.30303028,133333333.33333334,NA,133333333.33333334,NA,0.01461352409238112,0.004134834336216363,0.010478689756164757,0.021523795174824903,0.012461144574898629,NA,0.012461144574898629,NA,10699926682.6513,2020,59.1,2015,13.8,2015,30.3,2015,51,2015,NA,NA
Nauru,009,Oceania,057,Micronesia,520,NR,NRU,HIC,High income,NA,9154881.788060758,9154881.788060758,0,NA,NA,NA,NA,NA,0.07743711866948894,0.07743711866948894,0,NA,NA,NA,NA,NA,118223430.124446,2019,34.8,2012,0.9,2012,13.2,2012,43,2012,NA,NA
North Macedonia,150,Europe,039,Southern Europe,807,MK,MKD,UMC,Upper middle income,844014317.265091,467807102.3999452,19060178.618352197,448746923.78159297,NA,376207214.86514574,NA,376207214.86514574,NA,0.038135568322272835,0.0015537830447761478,0.036581785277496684,NA,0.03066835854397969,NA,0.03066835854397969,NA,12266949805.1436,2020,33,2018,3.4,2018,7.1,2018,17.9,2018,41.1,2018
Pakistan,142,Asia,034,Southern Asia,586,PK,PAK,LMC,Lower middle income,NA,5214837556.445515,1121064112.375968,4093773444.069546,3023094235.6205883,NA,NA,NA,NA,0.01977665339138955,0.004251502782206932,0.015525150609182616,0.011464726603704086,NA,NA,NA,NA,263686552686.208,2020,31.6,2018,4.4,2018,35.7,2018,76.2,2018,38.8,2014
Palau,009,Oceania,057,Micronesia,585,PW,PLW,HIC,High income,NA,20000000,0,20000000,NA,NA,NA,NA,NA,0.0745281714624924,0,0.0745281714624924,NA,NA,NA,NA,NA,268354900,2019,NA,NA,NA,NA,NA,NA,NA,NA,NA,NA
Panama,019,Americas,419,Latin America and the Caribbean,591,PA,PAN,HIC,High income,NA,1800000000,900000000,900000000,NA,NA,NA,NA,NA,0.034001975892599096,0.017000987946299548,0.017000987946299548,NA,NA,NA,NA,NA,52938100000,2020,49.8,2019,1.2,2019,4.6,2019,12.1,2019,19.1,2017
Paraguay,019,Americas,419,Latin America and the Caribbean,600,PY,PRY,UMC,Upper middle income,NA,886119283.6589364,NA,NA,NA,NA,NA,NA,NA,0.02509951575454501,NA,NA,NA,NA,NA,NA,NA,35304238230.1132,2020,45.7,2019,0.9,2019,4.5,2019,15.4,2019,NA,NA
Peru,019,Americas,419,Latin America and the Caribbean,604,PE,PER,UMC,Upper middle income,38180920935.0005,14865507253.286911,1777979092.4153366,13087528160.871574,3445817887.0704317,23315413681.71359,4148141084.4766507,19167272597.23694,NA,0.07358638749541427,0.00880125085703288,0.06478513663838138,0.01705729148398408,0.11541463312118744,0.02053389178229715,0.09488074133889028,NA,202014363787.233,2020,41.5,2019,2.2,2019,7.5,2019,20.6,2019,NA,NA
Philippines,142,Asia,035,South-eastern Asia,608,PH,PHL,LMC,Lower middle income,13118625828.982288,9807734548.334377,1495241223.5184114,8312493324.815967,NA,3310891280.647911,892711404.3378116,2418179876.3100996,NA,0.027131461633136688,0.0041363354287625685,0.02299512620437412,NA,0.00915902844940283,0.0024695371899485417,0.00668949125945429,NA,361489354350,2020,42.3,2018,2.7,2018,17,2018,46.9,2018,NA,NA
Poland,150,Europe,151,Eastern Europe,616,PL,POL,HIC,High income,78084097470.49402,46286304083.49481,2179687449.9152684,44106616633.57955,NA,31797793386.999207,12821690881.854519,18976102505.144688,NA,0.07790147208811411,0.0036684903753405546,0.07423298171277358,NA,0.05351680076967397,0.021579355149062084,0.03193744562061188,NA,594164690894.936,2020,30.2,2018,0.2,2018,0.4,2018,1.1,2018,18.2,2019
Qatar,142,Asia,145,Western Asia,634,QA,QAT,HIC,High income,NA,576923076.923077,NA,NA,NA,NA,NA,NA,NA,0.00394144245140574,NA,NA,NA,NA,NA,NA,NA,146373588866.511,2020,NA,NA,NA,NA,NA,NA,NA,NA,NA,NA
Romania,150,Europe,151,Eastern Europe,642,RO,ROU,HIC,High income,16211153414.925795,5419426286.966473,2544774082.575561,2874652204.390911,541942628.6966473,10791727127.959322,424129013.7625935,10367598114.19673,NA,0.02178965592295281,0.010231664520343058,0.01155799140260975,0.002178965592295281,0.04338983657701037,0.0017052774200571766,0.0416845591569532,NA,248715551366.635,2020,35.8,2018,2.4,2018,5.1,2018,10.9,2018,31.2,2019
Samoa,009,Oceania,061,Polynesia,882,WS,WSM,UMC,Upper middle income,77840655.02108325,55600467.87220232,7413395.716293643,48187072.15590869,18533489.29073411,22240187.148880932,NA,NA,22240187.148880932,0.06889540378784434,0.009186053838379244,0.0597093499494651,0.022965134595948112,0.02755816151513774,NA,NA,0.02755816151513774,807027244.42138,2020,38.7,2013,1.1,2013,9.6,2013,33.9,2013,NA,NA
Serbia,150,Europe,039,Southern Europe,688,RS,SRB,UMC,Upper middle income,3727100926.968923,2985558089.7436366,707616040.750927,2277942048.9927096,1463698933.6080816,741542837.2252864,NA,547675428.8003749,193867408.42491147,0.05637368827857684,0.013361296247844514,0.04301239203073233,0.027637749772938647,0.014001906341919248,NA,0.010341277232920752,0.0036606291089984963,52960134078.6888,2020,36.2,2017,5.4,2017,8.9,2017,19.3,2017,NA,NA
Seychelles,002,Africa,202,Sub-Saharan Africa,690,SC,SYC,HIC,High income,NA,74431818.18181819,6249999.999999999,68181818.18181817,2840909.090909091,NA,NA,NA,NA,0.06616529201117234,0.005555864214678592,0.06060942779649374,0.002525392824853906,NA,NA,NA,NA,1124937500,2020,32.1,2018,0.5,2018,1.1,2018,5.2,2018,31.99,2018
Sri Lanka,142,Asia,034,Southern Asia,144,LK,LKA,LMC,Lower middle income,NA,600000000,100000000,500000000,NA,NA,NA,NA,NA,0.007434336204227904,0.001239056034037984,0.00619528017018992,NA,NA,NA,NA,NA,80706600228.6499,2020,39.3,2016,0.9,2016,11,2016,42,2016,2.4,2016
Saint Kitts and Nevis,019,Americas,419,Latin America and the Caribbean,659,KN,KNA,HIC,High income,NA,43333333.3333333,7407407.407407407,35925925.925925896,NA,NA,NA,NA,NA,0.04672300049518389,0.00798683769148443,0.03873616280369946,NA,NA,NA,NA,NA,927451851.851852,2020,NA,NA,NA,NA,NA,NA,NA,NA,NA,NA
Saint Lucia,019,Americas,419,Latin America and the Caribbean,662,LC,LCA,UMC,Upper middle income,NA,62962962.962962955,7407407.407407407,55555555.55555555,NA,NA,NA,NA,NA,0.03696388679357406,0.00434869256394989,0.032615194229624174,NA,NA,NA,NA,NA,1703364240.74074,2020,51.2,2016,4.6,2016,10.2,2016,19.9,2016,NA,NA
Saint Vincent and the Grenadines,019,Americas,419,Latin America and the Caribbean,670,VC,VCT,UMC,Upper middle income,NA,29629629.629629627,3703703.7037037034,25925925.925925925,NA,NA,NA,NA,NA,0.03659417969571942,0.004574272461964927,0.03201990723375449,NA,NA,NA,NA,NA,809681481.481481,2020,NA,NA,NA,NA,NA,NA,NA,NA,NA,NA
Thailand,142,Asia,035,South-eastern Asia,764,TH,THA,UMC,Upper middle income,62484217614.545006,41229995254.61026,NA,NA,NA,21254222359.934746,2876511296.833274,10387401905.231266,7990309157.870206,0.08216502432870697,NA,NA,NA,0.042356388510534984,0.005732443557816765,0.020700490625449427,0.015923454327268792,501794961925.244,2020,34.9,2019,0.1,2019,0.3,2019,6.2,2019,17.6,2017
Tonga,009,Oceania,061,Polynesia,776,TO,TON,UMC,Upper middle income,NA,26532116.597564854,8844038.86585495,17688077.731709905,NA,NA,NA,NA,NA,0.051785134225447095,0.017261711408482365,0.03452342281696474,NA,NA,NA,NA,NA,512350059.421629,2019,37.6,2015,1,2015,7.5,2015,27.5,2015,NA,NA
Trinidad and Tobago,019,Americas,419,Latin America and the Caribbean,780,TT,TTO,HIC,High income,NA,562875180.5259377,23700007.60109211,539175172.9248455,NA,NA,NA,NA,NA,0.02614397407119814,0.0011007989082609743,0.02504317516293716,NA,NA,NA,NA,NA,21529824769.2969,2020,NA,NA,NA,NA,NA,NA,NA,NA,NA,NA
Tunisia,002,Africa,015,Northern Africa,788,TN,TUN,LMC,Lower middle income,1381241841.9200106,1061263036.8420157,140435142.22867545,920827894.6133401,106659601.69266489,319978805.0779947,248872403.9495514,71106401.12844327,NA,0.027048421991004074,0.0035792719217576582,0.023469150069246412,0.0027184343709551833,0.008155303112865551,0.006343013532228761,0.001812289580636789,NA,39235672868.2722,2020,32.8,2015,0.2,2015,3,2015,17.5,2015,NA,NA
Turkmenistan,142,Asia,143,Central Asia,795,TM,TKM,UMC,Upper middle income,22857142.85714286,11428571.42857143,11428571.42857143,0,NA,11428571.42857143,11428571.42857143,NA,NA,2.5266881435158855e-4,2.5266881435158855e-4,0,NA,2.5266881435158855e-4,2.5266881435158855e-4,NA,NA,45231428571.4286,2019,NA,NA,NA,NA,NA,NA,NA,NA,NA,NA
Tuvalu,009,Oceania,061,Polynesia,798,TV,TUV,UMC,Upper middle income,NA,6904193.868816456,0,6904193.868816456,6904193.868816456,NA,NA,NA,NA,0.1413185163226448,0,0.1413185163226448,0.1413185163226448,NA,NA,NA,NA,48855550.2030142,2020,NA,NA,NA,NA,NA,NA,NA,NA,NA,NA
Ukraine,150,Europe,151,Eastern Europe,804,UA,UKR,LMC,Lower middle income,6525261925.187135,5271928529.802586,1896856927.0969243,3375071602.7056603,NA,1253333395.3845494,NA,1253333395.3845494,NA,0.03388520673606718,0.01219200692119915,0.02169319981486802,NA,0.008055773323128264,NA,0.008055773323128264,NA,155582008717.426,2020,26.6,2019,0,2019,0.2,2019,2.5,2019,NA,NA
United Arab Emirates,142,Asia,145,Western Asia,784,AE,ARE,HIC,High income,NA,8713410483.321987,NA,NA,NA,NA,NA,NA,NA,0.020689945290928994,NA,NA,NA,NA,NA,NA,NA,421142267937.372,2019,26,2018,0,2018,0,2018,0.1,2018,NA,NA
Uruguay,019,Americas,419,Latin America and the Caribbean,858,UY,URY,HIC,High income,NA,439433507.432704,NA,NA,NA,NA,NA,NA,NA,0.008193979402615275,NA,NA,NA,NA,NA,NA,NA,53628827440.3582,2020,39.7,2019,0.1,2019,0.5,2019,3.2,2019,NA,NA
Vanuatu,009,Oceania,054,Melanesia,548,VU,VUT,LMC,Lower middle income,46517739.81603154,40385457.73105563,87604.02978537013,40297853.70127025,0,6132282.0849759085,6044678.055190539,NA,87604.02978537013,0.04724585658379062,1.0248558911885168e-4,0.04714337099467176,0,0.007173991238319616,0.007071505649200765,NA,1.0248558911885168e-4,854793640.145606,2020,NA,NA,NA,NA,NA,NA,NA,NA,NA,NA
Afghanistan,142,Asia,034,Southern Asia,004,AF,AFG,LIC,Low income,NA,422353008.31513613,132014897.85424829,290338110.4608879,NA,NA,NA,NA,NA,0.02132334901468083,0.006665040112566644,0.014658308902114189,NA,NA,NA,NA,NA,19807067268.1084,2020,NA,NA,NA,NA,NA,NA,NA,NA,51.7,2016
Bangladesh,142,Asia,034,Southern Asia,050,BD,BGD,LMC,Lower middle income,4854422555.917308,4617216114.368579,412376128.2550321,4204839986.113547,NA,237206441.54872915,NA,237206441.54872915,NA,0.014240154938816233,0.0012718269654189386,0.012968327973397295,NA,7.315785955150366e-4,NA,7.315785955150366e-4,NA,324239176765.053,2020,32.4,2016,14.3,2016,52.3,2016,84.2,2016,NA,NA
Benin,002,Africa,202,Sub-Saharan Africa,204,BJ,BEN,LMC,Lower middle income,681742912.5835816,417829504.4795881,228294195.4747423,189535309.00484583,34854766.32437765,263913408.10399345,104564298.97313295,159349109.1308605,NA,0.026695735079407708,0.014586048369540087,0.012109686709867624,0.002226921742180853,0.01686181169858483,0.00668076522654256,0.01018104647204227,NA,15651545208.8783,2020,47.8,2015,49.6,2015,76.2,2015,90.6,2015,NA,NA
Burkina Faso,002,Africa,202,Sub-Saharan Africa,854,BF,BFA,LIC,Low income,NA,600000000,270000000,329999999.99999994,NA,NA,NA,NA,NA,0.03454418513989594,0.015544883312953174,0.018999301826942764,NA,NA,NA,NA,NA,17369059295.2226,2020,35.3,2014,43.8,2014,76.7,2014,92.3,2014,NA,NA
Burundi,002,Africa,202,Sub-Saharan Africa,108,BI,BDI,LIC,Low income,NA,147361427.90432277,57578654.18293681,89782773.72138597,NA,NA,NA,NA,NA,0.04522804166330893,0.017671990610690403,0.02755605105261853,NA,NA,NA,NA,NA,3258187232.63159,2020,38.6,2013,72.8,2013,89.6,2013,96.9,2013,64.8,2013
Cambodia,142,Asia,035,South-eastern Asia,116,KH,KHM,LMC,Lower middle income,1655181342.9417295,1062941293.8248663,99781557.48424654,963159736.3406199,NA,592240049.1168634,NA,NA,592240049.1168634,0.04202802288673572,0.003945299336835252,0.03808272354990047,NA,0.023416794966313624,NA,NA,0.023416794966313624,25291251427.3979,2020,NA,NA,NA,NA,NA,NA,NA,NA,NA,NA
Cameroon,002,Africa,202,Sub-Saharan Africa,120,CM,CMR,LMC,Lower middle income,NA,347983811.06315374,102133248.54703562,245850562.5161181,NA,NA,NA,NA,NA,0.008742840080845887,0.002566023563728268,0.0061768165171176195,NA,NA,NA,NA,NA,39802147568.2174,2020,46.6,2014,26,2014,47,2014,71,2014,NA,NA
Central African Republic,002,Africa,202,Sub-Saharan Africa,140,CF,CAF,LIC,Low income,NA,27490721.07398914,17399190.553157683,10091530.520831458,NA,NA,NA,NA,NA,0.011936511505267955,0.007554754117258198,0.004381757388009755,NA,NA,NA,NA,NA,2303078337.57431,2020,NA,NA,NA,NA,NA,NA,NA,NA,NA,NA
Chad,002,Africa,202,Sub-Saharan Africa,148,TD,TCD,LIC,Low income,796882927.3346249,605491831.2498896,73076600.32326254,532415230.92662716,NA,191391096.08473524,191391096.08473524,NA,NA,0.05999055961079276,0.007240239953026713,0.05275031965776606,NA,0.01896253321030806,0.01896253321030806,NA,NA,10093118570.2918,2020,43.3,2011,38.1,2011,66.3,2011,86.2,2011,NA,NA
Comoros,002,Africa,202,Sub-Saharan Africa,174,KM,COM,LMC,Lower middle income,NA,34797459.5698929,24126238.635125745,10671220.934767155,NA,NA,NA,NA,NA,0.028529756635564757,0.019780631267324898,0.008749125368239859,NA,NA,NA,NA,NA,1219690024.50287,2020,45.3,2014,19.1,2014,39.7,2014,64.6,2014,NA,NA
Congo,002,Africa,202,Sub-Saharan Africa,178,CG,COG,LMC,Lower middle income,278387048.850523,234889072.46762875,130493929.14868264,104395143.31894611,NA,43497976.38289422,NA,43497976.38289422,NA,0.021579774500559694,0.011988763611422053,0.00959101088913764,NA,0.003996254537140685,NA,0.003996254537140685,NA,10884686142.6442,2020,48.9,2011,39.6,2011,64.1,2011,83.9,2011,NA,NA
Côte d’Ivoire,002,Africa,202,Sub-Saharan Africa,384,CI,CIV,LMC,Lower middle income,NA,900000000,200000000,700000000,NA,NA,NA,NA,NA,0.014670266334560646,0.003260059185457921,0.011410207149102724,NA,NA,NA,NA,NA,61348579465.1017,2020,41.5,2015,29.8,2015,59.1,2015,83.2,2015,NA,NA
Democratic Republic of the Congo,002,Africa,202,Sub-Saharan Africa,180,CD,COD,LIC,Low income,NA,1896055355.922386,83794925.14507388,1812260430.777312,NA,NA,NA,NA,NA,0.03802074379212266,0.0016803018804643834,0.03634044191165828,NA,NA,NA,NA,NA,49868970641.1062,2020,42.1,2012,77.2,2012,91.4,2012,97.9,2012,NA,NA
Djibouti,002,Africa,202,Sub-Saharan Africa,262,DJ,DJI,LMC,Lower middle income,NA,82713916.75716431,28133985.29155249,54579931.46561183,NA,NA,NA,NA,NA,0.024439727172369228,0.00831283237155416,0.01612689480081507,NA,NA,NA,NA,NA,3384404260.07202,2020,41.6,2017,17,2017,39.8,2017,70.2,2017,NA,NA
Ethiopia,002,Africa,202,Sub-Saharan Africa,231,ET,ETH,LIC,Low income,2977615749.067854,2376366415.1214604,572618413.2822796,1803748001.8391807,NA,601249333.9463936,601249333.9463936,NA,NA,0.02207594608328686,0.005319505080310086,0.016756441002976772,NA,0.005585480334325591,0.005585480334325591,NA,NA,107645054311.876,2020,35,2015,30.8,2015,68.9,2015,90.2,2015,NA,NA
Gambia,002,Africa,202,Sub-Saharan Africa,270,GM,GMB,LIC,Low income,NA,54080437.32916829,14642717.688402968,39437719.640765324,25380710.659898475,NA,NA,NA,NA,0.028434502240673013,0.007698872447835654,0.02073562979283736,0.013344712242915132,NA,NA,NA,NA,1901930157.64528,2020,35.9,2015,10.3,2015,38.4,2015,72.7,2015,NA,NA
Ghana,002,Africa,202,Sub-Saharan Africa,288,GH,GHA,LMC,Lower middle income,2214881209.814658,2000537866.9293687,102170326.77532133,1898367540.1540477,NA,214343342.88528952,214343342.88528952,NA,NA,0.027649141846792534,0.0014120811728897617,0.026237060673902777,NA,0.002962408055013486,0.002962408055013486,NA,NA,72354428864.9032,2020,43.5,2016,12.7,2016,29.3,2016,55.1,2016,47.8,2018
Guinea,002,Africa,202,Sub-Saharan Africa,324,GN,GIN,LIC,Low income,189102527.48314312,181955023.7445794,102107196.26519606,79847827.47938333,NA,7147503.738563725,NA,7147503.738563725,NA,0.011603496774918148,0.006511502118360351,0.005091994656557796,NA,4.5580514828522464e-4,NA,4.5580514828522464e-4,NA,15681050917.1588,2020,33.7,2012,36.1,2012,70.9,2012,92.5,2012,NA,NA
Guinea-Bissau,002,Africa,202,Sub-Saharan Africa,624,GW,GNB,LIC,Low income,99140587.7718925,73041801.94215597,61001562.07937085,12040239.86278512,NA,26098785.829736527,26098785.829736527,NA,NA,0.05101545760548222,0.042606049157889625,0.008409408447592592,NA,0.018228486519348098,0.018228486519348098,NA,NA,1431758242.90375,2020,NA,NA,NA,NA,NA,NA,NA,NA,57.8,2014
Haiti,019,Americas,419,Latin America and the Caribbean,332,HT,HTI,LIC,Low income,NA,182117156.6179408,149095913.93446803,33021242.68347278,NA,NA,NA,NA,NA,0.013572603700405503,0.011111637095386923,0.0024609666050185797,NA,NA,NA,NA,NA,13417997065.1099,2020,41.1,2012,24.5,2012,50.3,2012,78.6,2012,NA,NA
Honduras,019,Americas,419,Latin America and the Caribbean,340,HN,HND,LMC,Lower middle income,1047095160.2324173,546135922.4989789,224879497.49957955,321256424.99939936,NA,500959237.73343843,NA,276079740.2338588,224879497.49957955,0.022920076009431037,0.009437678356824545,0.013482397652606493,NA,0.021024113839533252,NA,0.011586435482708705,0.009437678356824545,23827840809.7014,2020,48.2,2019,14.8,2019,29,2019,49,2019,NA,NA
Kenya,002,Africa,202,Sub-Saharan Africa,404,KE,KEN,LMC,Lower middle income,NA,2354662127.200944,71696442.97566977,2282965684.2252746,311313502.3943556,NA,NA,NA,NA,0.02382225918775605,7.253572509092386e-4,0.02309690193684681,0.003149577536842747,NA,NA,NA,NA,98842939649.1149,2020,40.8,2015,37.1,2015,66.5,2015,86.6,2015,NA,NA
Kiribati,009,Oceania,057,Micronesia,296,KI,KIR,LMC,Lower middle income,NA,20712673.24487112,6904224.41495704,13808448.82991408,NA,NA,NA,NA,NA,0.1037847775590423,0.034594925853014095,0.06918985170602819,NA,NA,NA,NA,NA,199573325.992705,2020,NA,NA,NA,NA,NA,NA,NA,NA,NA,NA
Kyrgyzstan,142,Asia,143,Central Asia,417,KG,KGZ,LMC,Lower middle income,NA,456000000,25000000,431000000,NA,NA,NA,NA,NA,0.058945369516091146,0.0032316540304874533,0.05571371548560369,NA,NA,NA,NA,NA,7735976612.64163,2020,29.7,2019,0.6,2019,9.7,2019,52.6,2019,NA,NA
Lao People's Democratic Republic,142,Asia,035,South-eastern Asia,418,LA,LAO,LMC,Lower middle income,NA,3313042.597177505,3313042.597177505,0,NA,NA,NA,NA,NA,1.7312964376565393e-4,1.7312964376565393e-4,0,NA,NA,NA,NA,NA,19136194848.6534,2020,38.8,2018,10,2018,37.4,2018,70.4,2018,NA,NA
Lesotho,002,Africa,202,Sub-Saharan Africa,426,LS,LSO,LMC,Lower middle income,247728970.96201426,220203529.74401268,42817353.00578024,177386176.7382325,NA,27525441.218001585,NA,27525441.218001585,NA,0.11938320383600612,0.023213400745890077,0.09616980309011608,NA,0.014922900479500765,NA,0.014922900479500765,NA,1844510137.67817,2020,44.9,2017,27.2,2017,49.9,2017,73.2,2017,NA,NA
Liberia,002,Africa,202,Sub-Saharan Africa,430,LR,LBR,LIC,Low income,NA,144554080.9591434,47583883.0581937,96970197.90094972,NA,NA,NA,NA,NA,0.04900138337598081,0.016130129850235153,0.032871253525745665,NA,NA,NA,NA,NA,2950000000,2020,35.3,2016,44.4,2016,75.6,2016,93.2,2016,NA,NA
Madagascar,002,Africa,202,Sub-Saharan Africa,450,MG,MDG,LIC,Low income,NA,211206954.75811765,112203694.71525002,99003260.04286765,NA,NA,NA,NA,NA,0.015393381467329357,0.008177733904518722,0.007215647562810636,NA,NA,NA,NA,NA,13720634105.403,2020,42.6,2012,78.8,2012,91.5,2012,97.5,2012,NA,NA
Malawi,002,Africa,202,Sub-Saharan Africa,454,MW,MWI,LIC,Low income,NA,59416215.86665538,42440154.19046813,16976061.676187247,NA,NA,NA,NA,NA,0.0049671432977432435,0.003547959498388031,0.0014191837993552119,NA,NA,NA,NA,NA,11961848552.5977,2020,44.7,2016,69.2,2016,89,2016,96.6,2016,NA,NA
Mali,002,Africa,202,Sub-Saharan Africa,466,ML,MLI,LIC,Low income,591556812.6881804,556759353.1182874,113091743.60215212,443667609.5161353,26098094.67741972,34797459.569892965,NA,34797459.569892965,NA,0.032009140542294555,0.006501856672653581,0.025507283869640972,0.001500428462920057,0.0020005712838934097,NA,0.0020005712838934097,NA,17393761397.0805,2020,NA,NA,NA,NA,NA,NA,NA,NA,39.8,2016
Mauritania,002,Africa,202,Sub-Saharan Africa,478,MR,MRT,LMC,Lower middle income,NA,391491719.84117556,45274552.63469377,346217167.2064818,NA,NA,NA,NA,NA,0.05032981027671564,0.005820454249688203,0.04450935602702744,NA,NA,NA,NA,NA,7778525642.92883,2020,32.6,2014,6,2014,24.1,2014,58.8,2014,NA,NA
Republic of Moldova,150,Europe,151,Eastern Europe,498,MD,MDA,LMC,Lower middle income,NA,200000000,138548264.34624007,61451735.65375994,NA,NA,0,0,NA,0.016786915672889556,0.011628990151027713,0.0051579255218618435,NA,NA,0,0,NA,11914040905.2626,2020,25.7,2018,0,2018,0.9,2018,12.8,2018,NA,NA
Mozambique,002,Africa,202,Sub-Saharan Africa,508,MZ,MOZ,LIC,Low income,NA,260572095.70181853,182909965.50242177,77662130.19939673,87342601.91122408,NA,NA,NA,NA,0.018583857779724537,0.013045037597890437,0.0055388201818341,0.006229226071416046,NA,NA,NA,NA,14021421105.9078,2020,54,2014,63.7,2014,82.4,2014,92.2,2014,53,2014
Myanmar,142,Asia,035,South-eastern Asia,104,MM,MMR,LMC,Lower middle income,1633536682.2168794,869713566.331545,189190938.13056338,680522628.2009816,NA,763823115.8853343,763823115.8853343,NA,NA,0.01141572324752523,0.002483290446701917,0.008932432800823313,NA,0.010025821878102517,0.010025821878102517,NA,NA,76185586096.7974,2020,30.7,2017,1.4,2017,15,2017,54.3,2017,NA,NA
Nicaragua,019,Americas,419,Latin America and the Caribbean,558,NI,NIC,LMC,Lower middle income,NA,165086484.09906754,110931129.52688666,54155354.57218088,NA,NA,NA,NA,NA,0.013079807832954767,0.008789077221086008,0.004290730611868759,NA,NA,NA,NA,NA,12621476263.8278,2020,46.2,2014,3.4,2014,13.1,2014,35.4,2014,NA,NA
Niger,002,Africa,202,Sub-Saharan Africa,562,NE,NER,LIC,Low income,275751207.22160023,101764705.09427343,44801524.297786646,56963180.79648679,NA,173986502.1273268,86993251.0636634,86993251.0636634,NA,0.007439900869604004,0.003275388055946369,0.004164512813657636,NA,0.012719953615325704,0.006359976807662852,0.006359976807662852,NA,13678234008.4714,2020,34.3,2014,45.4,2014,77.2,2014,93.6,2014,NA,NA
Nigeria,002,Africa,202,Sub-Saharan Africa,566,NG,NGA,LMC,Lower middle income,NA,1391949889.8039682,278389977.9607937,1113559911.8431747,NA,NA,NA,NA,NA,0.003219916561924011,6.439833123848023e-4,0.002575933249539209,NA,NA,NA,NA,NA,432293776262.398,2020,35.1,2018,39.1,2018,71,2018,92,2018,53.7,2017
Papua New Guinea,009,Oceania,054,Melanesia,598,PG,PNG,LMC,Lower middle income,242620030.40493435,184853356.4989976,49101672.82004624,135751683.67895132,NA,57766673.905936755,NA,57766673.905936755,NA,0.007835583836654543,0.002081326956611363,0.005754256880043178,NA,0.002448619948954545,NA,0.002448619948954545,NA,23591523025.2864,2020,NA,NA,NA,NA,NA,NA,NA,NA,NA,NA
Rwanda,002,Africa,202,Sub-Saharan Africa,646,RW,RWA,LIC,Low income,NA,700000000,NA,NA,NA,NA,NA,0,NA,0.06773761846687779,NA,NA,NA,NA,NA,0,NA,10333991891.7032,2020,43.7,2016,56.5,2016,80.2,2016,91.9,2016,28.7,2016
Sao Tome and Principe,002,Africa,202,Sub-Saharan Africa,678,ST,STP,LMC,Lower middle income,NA,12577725.004787698,6055941.668971853,6521783.335815844,NA,NA,NA,NA,NA,0.02659619403680588,0.012805574906610235,0.013790619130195643,NA,NA,NA,NA,NA,472914469.91933,2020,56.3,2017,35.6,2017,65.4,2017,86.4,2017,NA,NA
Senegal,002,Africa,202,Sub-Saharan Africa,686,SN,SEN,LMC,Lower middle income,892032876.0742059,770241767.5795805,136928003.40752882,633313764.1720518,26098094.67741972,121791108.49462536,NA,121791108.49462536,NA,0.030919863859092157,0.0054967094775481215,0.02542315438154404,0.0010476574607779137,0.004889068150296931,NA,0.004889068150296931,NA,24910904235.857,2020,40.3,2011,38.5,2011,68.4,2011,88.4,2011,NA,NA
Sierra Leone,002,Africa,202,Sub-Saharan Africa,694,SL,SLE,LIC,Low income,NA,140448427.16647252,42988194.422154754,97460232.74431776,NA,NA,NA,NA,NA,0.03633835472006292,0.011122376299990315,0.025215978420072605,NA,NA,NA,NA,NA,3865018882.89755,2020,35.7,2018,43,2018,76,2018,92.7,2018,NA,NA
Solomon Islands,009,Oceania,054,Melanesia,090,SB,SLB,LMC,Lower middle income,5153699.999999999,3923699.999999999,2459999.9999999995,1463699.999999999,NA,1229999.9999999998,1229999.9999999998,NA,NA,0.0025293868283494223,0.0015858224629149984,9.435643654344236e-4,NA,7.929112314574992e-4,7.929112314574992e-4,NA,NA,1551245525.6045,2020,37.1,2012,24.7,2012,58.1,2012,84.5,2012,NA,NA
Somalia,002,Africa,202,Sub-Saharan Africa,706,SO,SOM,LIC,Low income,NA,10000000,10000000,0,NA,NA,NA,NA,NA,0.0020335091470367814,0.0020335091470367814,0,NA,NA,NA,NA,NA,4917607582.22895,2020,36.8,2017,68.6,2017,88.9,2017,97.9,2017,NA,NA
South Sudan,002,Africa,202,Sub-Saharan Africa,728,SS,SSD,LIC,Low income,NA,60300000,4990398.746427149,55309601.25357285,0,NA,NA,NA,NA,0.005025921100466181,4.1594279202998655e-4,0.004609978308436195,0,NA,NA,NA,NA,11997800760.2242,2015,44.1,2016,76.4,2016,91.6,2016,97.8,2016,NA,NA
Sudan,002,Africa,015,Northern Africa,729,SD,SDN,LIC,Low income,NA,818000000,NA,NA,NA,NA,NA,NA,NA,0.03132799782171314,NA,NA,NA,NA,NA,NA,NA,26110829190.4008,2020,34.2,2014,12.2,2014,44,2014,79.3,2014,NA,NA
Tajikistan,142,Asia,143,Central Asia,762,TJ,TJK,LIC,Low income,281924230.6190745,243171759.05631515,155009886.25103757,88161872.80527759,NA,38752471.56275939,38752471.56275939,NA,NA,0.029676262955944024,0.018917139732872686,0.010759123223071336,NA,0.004729284933218171,0.004729284933218171,NA,NA,8194150301.78552,2020,34,2015,4.1,2015,17.8,2015,50.5,2015,NA,NA
United Republic of Tanzania,002,Africa,202,Sub-Saharan Africa,834,TZ,TZA,LMC,Lower middle income,NA,NA,17985652.957960647,NA,9554878.133916594,NA,NA,NA,NA,NA,2.881865960270392e-4,NA,1.5309912913936459e-4,NA,NA,NA,NA,62409748426.5824,2020,40.5,2017,49.4,2017,76.8,2017,91.8,2017,NA,NA
Timor-Leste,142,Asia,035,South-eastern Asia,626,TL,TLS,LMC,Lower middle income,NA,250000000,NA,NA,NA,NA,NA,NA,NA,0.1372872048325096,NA,NA,NA,NA,NA,NA,NA,1821000000,2020,28.7,2014,22,2014,65.9,2014,91.8,2014,NA,NA
Togo,002,Africa,202,Sub-Saharan Africa,768,TG,TGO,LIC,Low income,NA,447159197.2161541,170512067.4209459,276647129.79520816,NA,NA,NA,NA,NA,0.05903375977472117,0.0225109278518392,0.036522831922881964,NA,NA,NA,NA,NA,7574635241.30191,2020,43.1,2015,51.1,2015,74.2,2015,90.8,2015,NA,NA
Uganda,002,Africa,202,Sub-Saharan Africa,800,UG,UGA,LIC,Low income,859090358.068683,652773240.381082,371078291.4227899,281694948.9582921,200018593.34824845,206317117.68760097,206317117.68760097,NA,NA,0.017466891568583724,0.009929304510021433,0.0075375870585622905,0.0053520929866471105,0.005520628758140025,0.005520628758140025,NA,NA,37372032557.5944,2020,42.8,2016,41.3,2016,69.6,2016,87.6,2016,NA,NA
Uzbekistan,142,Asia,143,Central Asia,860,UZ,UZB,LMC,Lower middle income,3321881164.7130566,2556058261.470825,676311135.330802,1879747126.1400232,NA,765822903.2422316,765822903.2422316,NA,NA,0.04429358393448558,0.011719703142198518,0.03257388079228706,NA,0.013270840322783617,0.013270840322783617,NA,NA,57707189945.4214,2020,NA,NA,NA,NA,NA,NA,NA,NA,NA,NA
Viet Nam,142,Asia,035,South-eastern Asia,704,VN,VNM,LMC,Lower middle income,6449751819.710213,4812868301.717906,288608.40975127515,4812579693.308156,7753658769.4372425,1636883517.9923067,409220879.4980767,NA,1227662638.4942298,0.017749284385802904,1.0643534000257717e-6,0.017748220032402885,0.028594568955916253,0.006036631224026765,0.0015091578060066912,NA,0.004527473418020072,271158442059.082,2020,35.7,2018,1.8,2018,6.6,2018,22.4,2018,NA,NA
Yemen,142,Asia,145,Western Asia,887,YE,YEM,LIC,Low income,NA,187584000,22942000,164642000.00000003,NA,NA,NA,NA,NA,0.007986964435088506,9.768260516344704e-4,0.007010138383454038,NA,NA,NA,NA,NA,23486269598.9858,2018,36.7,2014,18.3,2014,51.2,2014,81,2014,NA,NA
Zambia,002,Africa,202,Sub-Saharan Africa,894,ZM,ZMB,LMC,Lower middle income,436413797.45977044,387317245.2455463,54551724.682471305,332765520.56307495,NA,49096552.214224175,49096552.214224175,NA,NA,0.02004742057484101,0.002823580362653663,0.017223840212187345,NA,0.002541222326388297,0.002541222326388297,NA,NA,19320053859.279,2020,57.1,2015,58.7,2015,75.4,2015,88.1,2015,NA,NA
Zimbabwe,002,Africa,202,Sub-Saharan Africa,716,ZW,ZWE,LMC,Lower middle income,NA,727525393.9312252,21227531.38791373,706297862.5433114,NA,NA,NA,NA,NA,0.04338639775194169,0.0012659161147781394,0.042120481637163545,NA,NA,NA,NA,NA,16768513442.6415,2020,50.3,2019,39.5,2019,63.8,2019,82.8,2019,NA,NA
